{
  "0.3804307404379528": { "user_id": 2 },
  "0.6974789517306392": { "user_id": 2 },
  "0.412337329537003": { "user_id": 2 },
  "0.4690930357080405": { "user_id": 2 },
  "0.15588521882838657": { "user_id": 2 },
  "0.0682107644258021": { "user_id": 2 },
  "0.91733922616716": { "user_id": 2 },
  "0.6227003223856704": { "user_id": 2 },
  "0.18434434495325513": { "user_id": 2 },
  "0.45370315346791945": { "user_id": 2 }
}
